{"cameraMode":{"drawMode":0,"name":"Shaded","section":"Shading Mode"},"sceneLighting":false,"audioPlay":false,"sceneViewState":{"showFog":false,"showMaterialUpdate":false,"showSkybox":false,"showFlares":false,"showImageEffects":false,"showParticleSystems":false,"showVisualEffectGraphs":true,"m_FxEnabled":true},"in2DMode":false,"pivot":{"x":-0.023033857345581056,"y":0.8724545240402222,"z":-0.010048575699329377},"rotation":{"x":0.024771803990006448,"y":0.950741171836853,"z":0.07515019178390503,"w":-0.30026841163635256},"size":1.122314691543579,"orthographic":true}