{"cameraMode":{"drawMode":0,"name":"Shaded","section":"Shading Mode"},"sceneLighting":false,"audioPlay":false,"sceneViewState":{"showFog":false,"showMaterialUpdate":false,"showSkybox":false,"showFlares":false,"showImageEffects":false,"showParticleSystems":false,"showVisualEffectGraphs":true,"m_FxEnabled":true},"in2DMode":false,"pivot":{"x":19.755983352661134,"y":-29.214855194091798,"z":12.601008415222168},"rotation":{"x":-0.6796698570251465,"y":-0.002865471411496401,"z":0.0026467812713235618,"w":-0.7335262894630432},"size":28.154714584350587,"orthographic":false}