{"cameraMode":{"drawMode":0,"name":"Shaded","section":"Shading Mode"},"sceneLighting":false,"audioPlay":false,"sceneViewState":{"showFog":false,"showMaterialUpdate":false,"showSkybox":false,"showFlares":false,"showImageEffects":false,"showParticleSystems":false,"showVisualEffectGraphs":true,"m_FxEnabled":true},"in2DMode":false,"pivot":{"x":-0.023033857345581056,"y":0.8724545240402222,"z":-0.010048575699329377},"rotation":{"x":0.004642908927053213,"y":-0.984132707118988,"z":0.17544974386692048,"w":0.03026595525443554},"size":1.122314691543579,"orthographic":true}