{"cameraMode":{"drawMode":0,"name":"Shaded","section":"Shading Mode"},"sceneLighting":false,"audioPlay":false,"sceneViewState":{"showFog":false,"showMaterialUpdate":false,"showSkybox":false,"showFlares":false,"showImageEffects":false,"showParticleSystems":false,"showVisualEffectGraphs":true,"m_FxEnabled":true},"in2DMode":false,"pivot":{"x":0.3869723081588745,"y":0.24190711975097657,"z":-0.15555572509765626},"rotation":{"x":-0.18261279165744782,"y":0.23089036345481873,"z":-0.04416375979781151,"w":-0.9546712636947632},"size":2.170488119125366,"orthographic":true}